{"cameraMode":{"drawMode":0,"name":"Shaded","section":"Shading Mode"},"sceneLighting":true,"audioPlay":false,"sceneViewState":{"showFog":false,"showMaterialUpdate":false,"showSkybox":false,"showFlares":false,"showImageEffects":false,"showParticleSystems":false},"in2DMode":false,"pivot":{"x":-2.6940994262695314,"y":1.7157341241836548,"z":-14.232763290405274},"rotation":{"x":-0.195170596241951,"y":0.683379590511322,"z":-0.1975725144147873,"w":-0.6752600073814392},"size":17.812759399414064,"orthographic":false}