{"cameraMode":{"drawMode":0,"name":"Shaded","section":"Shading Mode"},"sceneLighting":true,"audioPlay":false,"sceneViewState":{"showFog":false,"showMaterialUpdate":false,"showSkybox":false,"showFlares":false,"showImageEffects":false,"showParticleSystems":false},"in2DMode":false,"pivot":{"x":-7.5457282066345219,"y":5.0324249267578129,"z":-19.069839477539064},"rotation":{"x":0.0759759470820427,"y":0.8795640468597412,"z":-0.14995938539505006,"w":0.44521471858024599},"size":4.832075595855713,"orthographic":false}