{"cameraMode":{"drawMode":0,"name":"Shaded","section":"Shading Mode"},"sceneLighting":true,"audioPlay":false,"sceneViewState":{"showFog":false,"showMaterialUpdate":false,"showSkybox":false,"showFlares":false,"showImageEffects":false,"showParticleSystems":false},"in2DMode":false,"pivot":{"x":-3.0703396797180177,"y":1.860544204711914,"z":-19.38319206237793},"rotation":{"x":-0.14324377477169038,"y":0.7287842035293579,"z":-0.16062049567699433,"w":-0.6501280665397644},"size":0.2875109314918518,"orthographic":false}